{"stats":{"minecraft:picked_up":{"minecraft:cactus":54,"minecraft:sugar_cane":9,"minecraft:rail":5},"minecraft:used":{"minecraft:oak_planks":19,"minecraft:smooth_red_sandstone":14,"minecraft:oak_fence":31,"minecraft:red_sandstone":4,"minecraft:red_sand":18,"minecraft:stone":3,"minecraft:rail":41,"minecraft:grass_block":5},"minecraft:custom":{"minecraft:jump":22,"minecraft:time_since_rest":86,"minecraft:deaths":1,"minecraft:leave_game":2,"minecraft:play_time":64620,"minecraft:sprint_one_cm":3576,"minecraft:time_since_death":58,"minecraft:walk_on_water_one_cm":7967,"minecraft:walk_one_cm":10420,"minecraft:sneak_time":191,"minecraft:total_world_time":90174,"minecraft:walk_under_water_one_cm":128,"minecraft:fly_one_cm":2173475}},"DataVersion":3120}