{"stats":{"minecraft:dropped":{"minecraft:farmland":1,"minecraft:stripped_spruce_log":2,"minecraft:dark_oak_slab":1,"minecraft:spruce_wood":1},"minecraft:used":{"minecraft:dark_oak_planks":109,"minecraft:oak_fence":81,"minecraft:wheat_seeds":14,"minecraft:dark_oak_stairs":56,"minecraft:water_bucket":1,"minecraft:flower_pot":7,"minecraft:red_sandstone":4,"minecraft:red_sand":38,"minecraft:spruce_door":7,"minecraft:command_block":21,"minecraft:lantern":13,"minecraft:spruce_wood":28,"minecraft:black_stained_glass_pane":14,"minecraft:light_weighted_pressure_plate":10,"minecraft:grass_block":5,"minecraft:spruce_slab":2,"minecraft:barrier":484,"minecraft:ladder":16,"minecraft:oak_planks":58,"minecraft:stone_button":7,"minecraft:oak_sign":5,"minecraft:spruce_planks":246,"minecraft:dark_oak_wood":66,"minecraft:stone":6,"minecraft:white_terracotta":15,"minecraft:red_terracotta":18,"minecraft:dark_oak_slab":77,"minecraft:spruce_trapdoor":32,"minecraft:gravel":5,"minecraft:farmland":31,"minecraft:chiseled_stone_bricks":2,"minecraft:repeater":3,"minecraft:red_carpet":24,"minecraft:rail":78,"minecraft:terracotta":56,"minecraft:comparator":6,"minecraft:yellow_terracotta":1,"minecraft:smooth_red_sandstone":14,"minecraft:light_gray_terracotta":8,"minecraft:chain_command_block":6,"minecraft:chain":7,"minecraft:black_concrete_powder":18,"minecraft:spruce_fence":99,"minecraft:orange_terracotta":3,"minecraft:stripped_spruce_log":25},"minecraft:custom":{"minecraft:time_since_rest":194353,"minecraft:walk_one_cm":69154,"minecraft:sprint_one_cm":8201,"minecraft:drop":5,"minecraft:fly_one_cm":5392984,"minecraft:crouch_one_cm":554,"minecraft:play_time":194353,"minecraft:sneak_time":3667,"minecraft:walk_under_water_one_cm":128,"minecraft:jump":224,"minecraft:leave_game":9,"minecraft:walk_on_water_one_cm":7433,"minecraft:time_since_death":194353,"minecraft:total_world_time":687681,"minecraft:climb_one_cm":27},"minecraft:picked_up":{"minecraft:wheat":1,"minecraft:farmland":1,"minecraft:stone_button":3,"minecraft:stripped_spruce_log":2,"minecraft:cactus":59,"minecraft:wheat_seeds":18,"minecraft:spruce_wood":1,"minecraft:sugar_cane":9,"minecraft:rail":5}},"DataVersion":3120}