{"stats":{"minecraft:used":{"minecraft:netherrack":25,"minecraft:glass":93,"minecraft:bedrock":56,"minecraft:netherite_sword":7,"minecraft:glowstone":39,"minecraft:mangrove_wood":8,"minecraft:sand":53,"minecraft:crying_obsidian":28,"minecraft:light_blue_concrete":8,"minecraft:command_block":3,"minecraft:mangrove_roots":10,"minecraft:oak_sapling":1,"minecraft:grass_block":3,"minecraft:nether_bricks":24,"minecraft:barrier":67,"minecraft:oak_sign":23,"minecraft:stone_button":4,"minecraft:sponge":6,"minecraft:nether_brick_slab":40,"minecraft:stone":107,"minecraft:pumpkin":1,"minecraft:beacon":26,"minecraft:obsidian":35},"minecraft:killed":{"minecraft:trader_llama":2,"minecraft:wandering_trader":1},"minecraft:custom":{"minecraft:time_since_rest":228262,"minecraft:crouch_one_cm":879,"minecraft:sprint_one_cm":1024,"minecraft:play_time":228262,"minecraft:walk_one_cm":135183,"minecraft:sneak_time":1892,"minecraft:walk_under_water_one_cm":29662,"minecraft:mob_kills":3,"minecraft:jump":174,"minecraft:damage_dealt":680,"minecraft:leave_game":13,"minecraft:walk_on_water_one_cm":33969,"minecraft:time_since_death":228262,"minecraft:total_world_time":1068743,"minecraft:fly_one_cm":10923288},"minecraft:picked_up":{"minecraft:leather":4,"minecraft:lead":2,"minecraft:stone_button":1}},"DataVersion":3120}