{"stats":{"minecraft:killed":{"minecraft:trader_llama":2,"minecraft:wandering_trader":1},"minecraft:picked_up":{"minecraft:leather":4,"minecraft:lead":2,"minecraft:stone_button":3,"minecraft:oak_sign":10},"minecraft:crafted":{"minecraft:filled_map":4},"minecraft:used":{"minecraft:glass":93,"minecraft:netherite_sword":7,"minecraft:sea_lantern":2,"minecraft:mangrove_wood":11,"minecraft:cobblestone_stairs":1,"minecraft:crying_obsidian":28,"minecraft:command_block":6,"minecraft:quartz_slab":3,"minecraft:grass_block":3,"minecraft:map":3,"minecraft:barrier":67,"minecraft:stone_button":7,"minecraft:oak_sign":42,"minecraft:quartz_block":28,"minecraft:stone":107,"minecraft:beacon":26,"minecraft:netherrack":25,"minecraft:bedrock":56,"minecraft:glowstone":43,"minecraft:sand":54,"minecraft:light_blue_concrete":8,"minecraft:crafting_table":2,"minecraft:mangrove_roots":15,"minecraft:oak_sapling":1,"minecraft:nether_bricks":24,"minecraft:nether_brick_slab":40,"minecraft:sponge":6,"minecraft:white_concrete":87,"minecraft:pumpkin":1,"minecraft:obsidian":35},"minecraft:custom":{"minecraft:time_since_rest":244269,"minecraft:sprint_one_cm":6365,"minecraft:walk_one_cm":147952,"minecraft:mob_kills":3,"minecraft:damage_dealt":680,"minecraft:interact_with_crafting_table":4,"minecraft:fly_one_cm":11308560,"minecraft:crouch_one_cm":879,"minecraft:play_time":244269,"minecraft:sneak_time":2717,"minecraft:walk_under_water_one_cm":31230,"minecraft:jump":201,"minecraft:leave_game":15,"minecraft:time_since_death":244269,"minecraft:walk_on_water_one_cm":34691,"minecraft:total_world_time":1177801}},"DataVersion":3120}